135,5554436564531670403,5597708353556142197,7096,86292088235082420,1
178,8001378448238165685,4700444674915323155,9324,3343074037506591718,1
277,6706198063026998036,8394297019016435430,8641,4368994213131780938,1
429,2636658118931897765,5750029402970922537,3710,7238532032268376244,1
522,7254132014055262188,9171695784270625861,6903,1414086739250385981,1
633,1341161099317290159,9068300073841004048,5996,7036240580499029946,1
770,7466234651462714467,3590750716833791322,2468,4931928672154717060,1
872,3810370924237053994,3828672306521749400,1033,7438950344916128535,1
989,6421368118762054180,8704782327041941445,7312,8259989387210446526,1
996,4760820279232621995,4139612968566741784,4411,2802582328183382201,1
1045,7361995784375185118,6102746117506874680,4950,7575785583359996177,1
1140,6556157655740302291,3412971758807574576,3736,8095103293619162246,1
1202,212931953439617163,3917916488326473716,8744,1162155625926403010,1
1279,3238623687192968464,2311928910280574592,1676,5368653938881972468,1
1439,8123720013618396242,5304864541646778752,6567,7185742655490427430,1
1558,4684972098773859083,1611996093430500004,4548,7024487975412638132,1
1932,5582446511801813118,6589324890028395590,6842,9060766676008039561,1
2087,7924077771967790593,7758605332331241142,9932,4580705980682541983,1
2112,6637711851743184932,2266784072998933962,4715,3745776422010256267,1
2213,2573231038604822710,5568208169983498514,9280,4481235609532293338,1
2214,3339362704527239712,1741531619371114598,707,1759056573007320625,1
2382,6623806332799046987,3025138623036388881,2709,7030032760741684596,1
2400,17323627670052025,4997709466269367788,9284,1693791481045431596,1
2482,5225672503604873485,455833647136084685,5861,7107330910980863829,1
2584,3385795912568894606,8860682444307886345,1552,8806039572135687302,1
2825,6093634114184505841,2305411327929223110,2682,9000090511065945633,1
2848,7107516735840760826,8594583522065499819,5127,7206682610102565325,1
3186,7076545061221267162,2733939570420258563,1538,177911907063909762,1
3275,362682105238515736,5863480237241779118,8409,6332396172408353758,1
3426,8212389027105886483,5845466924030933672,3148,3688244233848024273,1
3433,1769892863465942766,5817475446009530502,5758,7850596223406313866,1
3524,7457828445658969966,4579962943040123986,7289,5255056413977104715,1
3566,9105367503865716192,2806196112620017679,3676,8406372162680864052,1
3625,6998244463933603456,79136987728065607,8155,1108719337437610541,1
3737,2238998017879461406,96790234219180799,8243,8674701473438945981,1
3841,841344481203331310,2411340091131239057,8579,1174747773060179303,1
3980,1822347332517553338,2488234498698947586,1654,5847292469555537507,1
4127,7339259455456687638,2879011113553200056,4815,5135313380017404168,1
4239,4220645307503796658,6518837537722119892,9733,5881900427835666035,1
4401,6796545551221449771,4355030043365738690,8130,1515114837334942859,1
4699,6651100040673157775,1300505977618452931,3760,5324972230415878004,1
4760,4190636662187682713,2371826576718586367,4782,4869907303360891280,1
4904,1054603847092391476,1172460361178326647,1582,6004483640475537635,1
5068,918040066637945281,1864222647138954954,9085,970879822445072490,1
5070,2545291641951979323,5361480756278055517,9669,1258954039082495463,1
5151,1978987838590758066,4806547862316714078,9732,7949868334248591397,1
5310,6528786265517273235,9184773994570606751,4204,6114144165009062424,1
5314,411340489406016797,2429616206702279061,7091,8629525629718237868,1
5503,7538864070276731950,7360037073851037704,5307,2571630660028571003,1
5519,5139601278491504832,6528523179364842143,9780,766033650787113527,1
5550,426872592872507695,7577706264015451098,843,4041685627882772803,1
5554,7874672204503378548,8504295277223685230,573,7314999979128228176,1
5614,8243147493162365912,814970981358385296,926,7030665451508573805,1
5627,2109456245757234183,8989126406570985632,1560,3180651664517742205,1
5671,3381862458731275154,272377348105869649,3786,2716924215205671377,1
5827,2432638206807758058,7498816438366005211,5683,2690214788751056779,1
5938,7236586752388767814,2991975701233596319,1110,303456665347163860,1
6289,4592891012231769752,6138295505812101457,7791,7745968464304461442,1
6365,5390884684481205212,9098554576074415500,2338,413972638484701433,1
6484,2070527215807830092,7781397740279964138,2620,844666561213830113,1
6882,2692212024096860646,1050606619624619746,4311,6316502344341589135,1
6911,4259756386576184179,3626656095129082222,4757,1133152326905473086,1
7050,543294492146616240,671105719804944671,6432,5351183033159894306,1
7170,3760369865779357531,7057110480302988930,964,7590081972801825830,1
7200,7955504931166568971,5535163423635140324,1604,7358113953016005779,1
7227,8878477487740861699,7613902522782245730,4780,697288100838648581,1
7240,3654290545073627704,5351832160469994039,4302,2050183708753026140,1
7325,1535771165387963336,9034314445162231431,3763,2364312776254685309,1
7372,5198850223346390175,4594002614299395502,8601,828138650633246829,1
7437,9169420469044565721,8977287101096889844,3059,5125388139037917980,1
7559,7530948474275182645,6653918242647275366,4587,2522635944557310565,1
7907,5040464097705352652,6189167811175391307,3307,1751527842637468988,1
7976,4309647301243940001,3389672269819209587,7788,5174897750012704616,1
8064,3891889441582991037,3612010427941353155,9722,5368380199367374172,1
8173,3785153411683159702,8498375680572434450,2062,8445722151114116025,1
8390,3355421537383451407,1612617911498815135,9477,211041761420848023,1
8467,7203014128936843271,3469636645503676017,9086,7803220949274595038,1
8687,4359432928219273014,2957645240180684879,2634,6028710890533059609,1
8943,219439627758147892,352686340477686787,6556,8016997095888896927,1
9145,5976865843238435424,4766774274751298566,1558,5959768018656499455,1
9253,6587520333631461091,6459847599997988623,4313,2426683423654858505,1
9295,73901027612408356,2171635553865756717,1126,5038701042382335912,1
9311,6954194640095788409,4399976957205213310,2453,6707721841286129201,1
9346,3254675209824430018,6640742318388189663,5880,3747482839684973503,1
9395,8591320510605414149,1094770911782473475,4589,8445345501950950786,1
9447,432550768528426758,8977238932711537157,9970,2694382932637363554,1
9620,6808377696771700479,3374988851650289784,8558,193823758051220940,1
9991,3918605417927291732,8836466438282631626,7931,8442701616439041074,1
10044,1673824666519630132,3546475374924264786,325,7377049615181523422,1
10079,3840896841824865097,482281982619570307,3475,1917131923896912048,1
10293,6007340598721324384,6976209587203640771,4601,7361997910443610344,1
10348,7191399887309496095,6154732307291106718,9680,5430778938187836969,1
10578,2356115786710520407,6799030427509793750,5318,1259709810365926538,1
10633,3686635927077974164,7551689847372321153,8378,1362310186051415253,1
10660,2079891951769467830,6427333938296666980,727,8595915365817353387,1
10716,6271154698561366051,3314632413483899233,4775,1549261910807303848,1
10735,964273623158054616,1956451530245769821,2098,3794588844472501920,1
10753,3584001889354420352,7262223418859040603,4070,8258833538621889839,1
10905,945912613863934039,702126868652183151,777,8285016243073039459,1
11027,387757708598103315,1392020539143841255,9204,8770123504586513082,1
11107,5660488095069161420,4204096282181997970,5395,189445096887878556,1
11192,2107188331282010552,5795664476751231719,7443,4754131087467183525,1
11261,6742019740655869071,6756187863242639931,7964,2904485140212024319,1
11266,5140102035161530012,1582776588616118507,3041,2806348223536267544,1
11326,1616193375399940536,3018999761488002329,3698,5020969625583209568,1
11355,1310416180242035568,7119687460361990354,9421,8300740626969293837,1
11383,7430988247474195472,8088948317944154346,108,6818717027841035177,1
11936,841640159087644557,2164289586511211495,6912,3259185900931806469,1
11974,1670608878868210933,6688646320496827018,177,5227874580162212460,1
11997,6781178949446389560,7448205673908218365,8970,4953063299066922480,1
12021,4730151527960485193,6143920707334934236,398,933112054489096962,1
12082,3135210866272449926,1849833446677882713,7360,6020176421029614836,1
12276,2180352009106042581,2574576256118906444,6267,5624058898944973642,1
12285,8087389924230201340,8581589159038821898,8142,4236207347742914848,1
12412,6840795920992354031,5701801942788660950,8901,997677234090121106,1
12492,1926708155142614802,6697019027394077245,1978,5569165682001593980,1
12706,7491333176814600264,6032009116003319165,4294,4677099930459028128,1
12711,5388201165141252988,7254111450206880977,5306,4765566697739847018,1
12730,7896298914528828719,7761491546911337635,7781,234689917823835618,1
12995,8520032536997133810,1400259912889669047,9686,3239922747717684806,1
13036,2744655646494918600,5925904949341887203,4854,6173361622009823054,1
13148,2370250867732917681,6947907373302130147,8657,3771971360475011994,1
13149,8900100035114729188,4963098418111570292,4261,6642679037883653014,1
13299,186051455964440774,899230597561774576,9002,6726102772029447443,1
13347,2984516063956644991,7455866723647659210,6510,4000503484522277577,1
13392,5866983969023214250,5733087969295503944,9014,8144910401804684868,1
13405,3300767313754728737,3847286640721795035,8475,7066957465443542323,1
13440,6028331363059531695,2409680767756746731,8234,2125820779837823556,1
13686,493169426952719040,886307833075790703,7921,1834183104313297989,1
13786,4691541112325306612,3266876728454846095,6823,8049463388736126092,1
13817,7355914681341946731,8251646505314853885,1593,1844266637934800222,1
13950,3298318923645765620,7845043745896365135,4187,8669478573497904313,1
14023,3734602188452866286,266450283966038749,2626,4551420306766688554,1
14048,9063807726211023742,8268836850838519691,5139,3762755690804356893,1
14157,6321528661226135965,5178015998260111915,1953,7303694057247705996,1
14214,842796110098015955,8112246909111010127,5195,4519856660166979003,1
14219,1392343020238743853,3967000842525219325,5596,2938677721834827717,1
14252,5541558921031549414,7301969314267963859,5167,2791087755214421911,1
14272,1354669135656123814,4924720351164687691,802,1690869207813765718,1
14334,2234107603914971150,8259565686293207934,3652,777538717318471055,1
14393,1977756321675809056,4628089737512313122,8525,2842126549112554611,1
14472,8602849563131747763,1384586591390124471,1897,8091782782982851457,1
14583,4088793512418758424,493596519539751103,107,8753411661553757487,1
14874,6632731574430376489,5236103423360352840,1584,8826977375810652989,1
14893,4683300442641899284,519945059949650835,6321,6961237408394471398,1
15042,4875674719119455477,2477507284067467715,5555,1156786896246149233,1
15050,3514967387911184396,8162542824555692844,2347,5351379541320339653,1
15055,3058178950313359782,6344160051748528048,7287,8271815987571335841,1
15087,696065823069565367,6679494703458399875,5436,1442958266032843818,1
15358,4441619832514965357,1915672265089827955,5181,1644102404188443884,1
15499,8504784750115870337,7712987991747113374,5731,963386698018044745,1
16089,7408557503474180230,8785469375432496775,6341,3738441688762471466,1
16176,2079310922880720764,6109674257367619189,8819,782745311979776903,1
16489,255246446841972299,3095422020132494858,6654,5899530905827465159,1
16619,1739687654319099701,4045795112744105115,3993,5942053284450269444,1
16622,2559563804916906498,6439723147320843678,8951,1202801853788716042,1
16708,8869908878236450007,1486239462922567149,3265,3916730023273140354,1
16758,989440766638403752,267674019472122636,88,4763826955142163654,1
16881,6908410034420000077,1476242745402238620,5483,6910676000510403982,1
16964,8152481851024017946,5338574358335398630,9162,2563007779303101253,1
17340,618420314620842750,3839223763484993847,425,7861746039882312123,1
17545,405235303044375408,5729523084584194989,2693,8881546187403142684,1
17577,1019082709402306230,7169306468583152652,7070,1257203452672494111,1
17648,2596650331676473650,1097919930388738222,3551,3868918830512488063,1
17733,8426825025692590044,1760590618966198203,6835,9112227584176048985,1
18431,5465626179007523983,3326590156698214298,3112,2219385282734197408,1
18470,5913523824412539648,8590717056273204127,8873,8065479835825368267,1
18922,2108708704432190488,7774209178223024587,5183,1222977592735086602,1
19094,4067588449953049066,5597998376899328997,3161,2186396865511435456,1
19142,1522585085221329260,1296398943970772431,4676,1136449971474458765,1
19199,8165223120766222018,3995399850945216807,3837,498187346980427794,1
19205,5551452104621414297,1757205184946068974,2409,5832877928291695433,1
19381,1928726625819501878,9081055334928843270,7573,8195692300052269449,1
19493,3795305693520340456,8890527220376097031,722,1674713566382365765,1
19502,2637540214467762046,7138081603357601975,3654,2822992998335213265,1
19626,8730879827030955992,551803669139451980,8009,326630359024255611,1
19650,4884735772050170606,2663259169833561901,632,7989573356845965792,1
19819,4044747917153649338,5879579523253166338,9107,4377473582232818690,1
19903,1617796478138331179,3169674141546687983,8201,2504613470387005819,1
20046,7202473551106535712,8385531449505921702,430,8498574399802309710,1
20052,584849689167603461,2870812199551800629,848,4648446092471100692,1
20110,3302433718189334198,3533769257554136427,8321,1600633387848989305,1
20120,6742834845708881919,6605419113357126795,9612,4706979414580925285,1
20196,4964716108666828144,534082544491214509,122,17317473730249646,1
20270,1901220792996045131,6292456720214021388,2553,5960485377630469998,1
20298,775302454881438567,283564355351817036,1072,210502684537658189,1
20304,1625226926259077833,4067480390311995883,424,6223805147615686176,1
20392,8510231370009915227,8636820037583687836,9228,2471561614301962652,1
20540,1550309116177418335,702020799435680382,1644,8693742228279075576,1
20731,2165807939469241379,375718731492919797,1656,583996096022221879,1
20737,5325660314789040030,5458196116478042776,6165,4926079809927767404,1
20787,3462547642535210934,948810016762634466,9669,8676693383562339138,1
20878,7200206045885199264,5739201603708947895,3704,3202366172474298977,1
21026,1031513070609315921,4816701017138463911,4809,73564125789181862,1
21080,3075917533320466886,1202957684669715499,2604,5457489260123175869,1
21187,3462884452996648040,7607577138219188331,9260,5977181370815894807,1
21275,1414283532136072512,7361636146555369138,3446,5037702144072219224,1
21326,2352475208992635710,6748522280834728028,2080,7140095663590016593,1
21486,6428828172729420545,1397204280900724741,6332,5825808173855844809,1
21694,3946798362212783861,5147352982417090440,2957,5428877881951941671,1
21754,5380997119878075247,2481355396299018967,8094,9087496890755568469,1
22016,1883065604649864764,3630286121684362571,4427,4520557630320148360,1
22577,8428758093310643907,6562826308466972694,2767,8037838990383181066,1
22729,1046148160297937665,1519277973993681413,8456,7666001352866683850,1
22796,6497861136425948851,2044579970092478559,98,6994908369132535422,1
22815,4148753387879283000,1905305057358250674,1929,2497802906183722584,1
22845,6654149534235769216,3351638824984127193,7679,8636181257785723061,1
23045,6979079878584071932,3451809490215427988,3476,5416145893240079675,1
23164,3567400322985095472,4734028826911263484,4890,5769291363855591767,1
23253,4880620894167451613,2072784873947800473,4813,8980360886592796725,1
23310,7489668402780136424,4672101558284065437,99,7856612135701060146,1
23382,8277287565347517422,8068246250875271927,1311,5022121080161966438,1
23430,7435823338551498277,6455935324879310449,2705,4470489402721029514,1
23443,7195668557266865739,7951165888820859162,9710,5699261104110870367,1
23449,5679148184000394457,397024259485671116,5959,47440377671983615,1
23482,4894767300721173937,5778890751105217535,173,4563115751311648129,1
23564,7875357374461808104,6468215165516105299,2647,5421670455028432671,1
23577,1538722778141213355,4951248187350336184,5782,5609382942511717411,1
23611,7140619079181366019,3522986352527788413,1814,4129692603198852711,1
23623,3749020301556669904,4173794026520185186,5641,4721376933967821495,1
23766,7104767514676180164,7835015308712479978,8575,3301017435060947600,1
23787,5933248587366407929,6714369003975282834,1883,7398678878665726128,1
23790,3451586470762791638,1496614516894849237,8097,4420569174962233091,1
24009,16078864592031178,5598096520843941547,743,959591744005115798,1
24175,8925807754795630775,6868308458424736029,1270,3452542478685659227,1
24202,5349625800519947177,2623048179790523545,8022,2028475336763355229,1
24325,579433475128000341,7197215991943680564,7813,3230289625451385270,1
24326,3123184490328992787,3634444111384750042,3634,3259374376875357969,1
24489,4780645645568789320,3576543893068986204,5257,4092269285259664846,1
24500,8333618797857657596,4760719696668029653,1394,8818294880770707310,1
24534,4168526713819841349,6214701701890931249,6777,4362480126353383165,1
24541,8971128601850463168,7753576306106809662,8721,6596691820959872368,1
24666,4356823643274647998,296800091599584702,3157,6572550255931594146,1
24730,2097275998636548692,7139881502790920232,2592,5226705444381622240,1
24781,8401841140378030587,7148261222387473228,4945,1101912678789313024,1
24786,8943075751140279994,5743614532198333939,763,3999290860882759782,1
24793,7987772585210616689,6123384963795791237,9870,2220033052978116123,1
24848,9127147509911488171,4307703982868031963,1976,8414880954797844448,1
24854,7010300815879064706,3236392678239435715,5088,8500637716999984355,1
25241,6183960471990748020,3307414104349935070,5160,4069977771573108419,1
25257,5196423452619554888,6403707203534795401,3320,6786510999320148963,1
25293,1115213796206017912,934694378021604696,1140,8504593877959416616,1
25500,3538730359561452697,7587894506326858553,5465,25360303325320279,1
25506,7810163999906169870,8404373351998972460,6373,4959467973550360872,1
25641,3453342236015769491,3919771387061009969,5926,2125216568708530875,1
25643,3039739801989483444,1474875671653804870,3691,531872529572129443,1
25695,1192196728810541070,8955880495499898563,3439,8032091004434057472,1
25717,9127497569748058471,6012289057739133955,1673,3811839402760270626,1
25809,1914392939820973675,1848766967567231205,891,4846070528245129053,1
25920,2892718522898696203,8238975777718218934,542,31946542412844539,1
25924,1964868596984994610,8697065916080261785,2072,7080388729486567677,1
26077,1096047331549850293,1540689780617597296,8798,2310941640396648563,1
26496,6104834596239226119,5361122435265479392,8841,6574184480762572822,1
26627,1397153714823055492,3923717331594521630,3506,9161322331301588402,1
26746,5560488035754868300,5362956805038224060,1695,374116007753873415,1
26975,7578618302369217629,3577611374713484962,4224,2607737481896241862,1
26983,478068984922301735,5732211236984985845,3135,4552597271760777144,1
27053,9148818502884121518,7502688177341416953,4101,731442296981911763,1
27070,3714944163807505988,406232054953944779,1163,8729750520213429514,1
27257,8297916819326818927,7072672830853067568,459,8543971087721520409,1
27495,1654194196248327399,4135053295256599429,2547,2884149022896649381,1
27732,8326668431981532826,79021050298750601,9585,7918669240986912820,1
27777,7942976672595101731,2347336989383738533,7070,657748407932450091,1
27864,4222767624449891921,694066545939464208,9340,9005152283210380787,1
27913,6881870311204151159,470153090278095218,85,5217457116450550210,1
27995,3580800020996149225,1491034583463078254,4935,4296786177596086488,1
28088,1970100902316372871,1149783906936263772,9681,926080718346607674,1
28210,3353707868222527507,1542058648299190710,6636,2618432557992180163,1
28235,7378159930526141749,3129255849560174484,2442,5487834516907504927,1
28305,7941826427541764740,7567282851418983775,164,3731436319577418325,1
28332,5240490951197900204,2547777837223007079,4852,5035782178119708672,1
28471,1545130099307804454,6616241009899807819,9899,1587111725275383065,1
28489,6620967522702522866,6917542898799070694,2450,1358067791236573885,1
28714,8129641341488361178,5682968803331838899,8974,8758416715031672058,1
28716,4898561740479204,4693270561844849068,9635,6315855175843730681,1
28897,7053092526127978684,465422993308213527,9541,617566429157274304,1
29022,3419604956362198935,5283836410961214897,209,8082422307922168342,1
29025,7068497786720436899,185350788530782372,690,7458576107154350985,1
29183,2442280103386913985,3898796127325956055,9001,5797279283959402927,1
29264,3456298601552724795,8939650134950802160,87,8607650268467612475,1
29473,4005824945580766815,4740461681730399626,8594,3212448107825022687,1
29623,7041499928999783287,165005909956703160,3727,8907930802277180877,1
29633,4359434289479744616,1899262407425719796,1725,557856508911990861,1
29677,8033320856272842653,7713473637414967443,9002,7253453089200833457,1
30055,6970057767779032350,7010338942153316873,8357,8933754988775389330,1
30076,9172893071034736857,9000959640591105946,8902,5234689231457244840,1
30263,7559149286509061279,7509389117167223009,4893,1305969239314774407,1
30406,6581117452389319729,7790857099673311786,5390,6296672432733231689,1
30565,2159747412587643114,2850697469904110487,4787,7983585040014009576,1
30585,992050659276748132,971061527825473333,9571,1700247829928460155,1
30601,8844355030876231898,6276593196683151306,5665,7812292185919980018,1
30686,8285676713730148834,4272952499335123510,1929,4405903213824901796,1
30906,7463136912901058713,3529149804036984725,2795,2604818858900315851,1
30982,8595057916863203700,8954253278511357144,7183,4416368090178276493,1
30983,8010962154956411391,5196746755895301034,7385,7003151114079846172,1
30993,6833497171661417641,5309656287582174993,8428,5622874229127336567,1
31058,3865141070404209349,8910642032708992903,9137,148312060208737413,1
31078,6271274717456340823,3071988679601000492,7457,1412826736787596539,1
31275,5158829123011724743,7060967187977226730,9634,5392753859874957331,1
31399,3586560646891793979,3165177161213953076,8825,1413918968709521103,1
31493,5725182105676980362,1158452870599884178,439,1725643891799523910,1
31552,7038134326156325572,2164881463646591095,5228,4126590020987971925,1
31565,4982611961024188988,1377347213164200261,1799,8833246389793850921,1
31653,7440458647732040480,3158321013764206015,8503,7648010295256109613,1
31703,8514540785261194200,7292934478832804769,4939,7690727204775620991,1
31781,714615814326405252,4091191170738688312,2416,811878786797182891,1
31844,7297325705928233399,3719516418564914027,2338,7894371517797047831,1
31853,203131736200124417,4565104973031732336,4034,7308311397037910553,1
31904,302439045995381156,84961194160592521,3618,376962957370883297,1
32027,208941478600714271,8990720465018482734,8925,3579755127882243453,1
32133,9119501631062454701,923266978778288456,4894,68456344802881513,1
32448,5890431072190208525,7327456084296404081,6429,4685392332237172676,1
32570,1048601623754228158,7988810838035858729,1312,4629423696227688451,1
32605,2459993136179581297,1084507651972947661,4357,5047464909165409971,1
32698,9048444761774554115,4613757847542394994,2966,8255083544589972940,1
32736,8399397041533355796,1417034113703928868,3379,701769390313494863,1
32876,8977288198721896507,5000812943111561828,6766,8639472094311470247,1
32983,148461111362518774,8958182165189092605,5345,2841635496022603443,1
33015,2994889074726374364,4914939858274278337,2757,1046121848424087210,1
33094,2225328429393959815,3820211253544746076,940,8057818231235192552,1
33163,647072811395161501,7460556244210387531,6783,207228072894224310,1
33199,6551683851640546267,3935436551009097008,2618,3101959302196411974,1
33380,362284608032323479,6997529314718209749,8483,8219417135678521840,1
33483,1396769147373983107,5216424746633816611,4305,7214937315933307917,1
33543,3814769696635573460,1201115739692067547,4996,3271589728730963301,1
33652,6090946856579678201,2276975134795815384,4853,6667366019713590331,1
33675,6230362852963066164,4308399113394665598,3789,3532423955213203590,1
33787,6300692512781823941,4581980346009340989,1652,2496854385740689333,1
33790,2655693881386115806,8564155089215970291,1513,6943540200575379395,1
33897,8001170978174019315,4563178066240442423,2893,6117912069879174634,1
33912,5584160995224572061,4780959256933963347,7013,2430145703031572503,1
33920,2887032519216108931,3819012076987691496,4638,7120475371365659436,1
33971,8712840582430661317,1179185340594969731,4697,5289386222440200077,1
34263,5458934764558388004,2092478692134381660,2482,6703827722468489456,1
34322,8375864438219951086,7284909233618260121,7434,1424324556383452052,1
34356,359397936043619321,4845627381217947084,5861,8837502344404399545,1
34799,669636178900992865,4820375972787923828,4361,4390501397957655502,1
34814,7088344757877646200,3572312930133920825,7033,7767889719442165843,1
34877,698043388506398224,5396785259178192400,1538,5099881328238806500,1
34932,2587168908810300753,8464616717635620006,363,5880554214606121234,1
35011,5480787501766515047,518329995664380870,6540,3558085426230552445,1
35022,5887491771358304325,7772075306043448557,2032,2857479666915777910,1
35163,921318836146959596,5897767555266966690,964,883340559760454921,1
35199,7611442784981040552,1815582875703549686,8755,5350214687350757375,1
35321,2677878036027930899,7897669992530697309,432,5246514397829441724,1
35323,8579361050442128449,5525666616684775846,6361,5164158277845381196,1
35382,3394215987589784286,7689292464259674013,429,5479667292289779839,1
35471,3883105899264460671,8010933843977306924,9512,5998737401376161727,1
35645,8852681291429021807,6511703037783957960,8080,8074551802968641765,1
35833,8577600288856864493,4144440104725943571,4693,7300755932987928806,1
35986,5722279400718245938,4437087602488282507,9031,1890067344011318038,1
36138,3920131309768126051,714181281745007986,2289,8141269114784693676,1
36139,8132730215779958902,7310685791261584609,9288,4968904330982328952,1
36208,5606270525182218067,6545436469282970639,2659,201347689266239593,1
36238,6910308810138448551,468234763511192586,6957,8784259976269315387,1
36246,2777226891497011760,3977728167793966358,9543,6580528451369827175,1
36621,4093982945157098938,3418013145371936887,8946,4180368865961389932,1
36773,4812345094071445194,603349973695668219,4102,6758657016029199479,1
36847,8313713077313382517,909546348605529639,3652,813871537904790753,1
36939,4092315456156731416,7465309849349319405,1853,4366676537047466300,1
36998,1451389654016005450,2576401037317298736,392,2637347849263051610,1
37000,2062914746789829238,1947662631994998998,490,8965098684160020585,1
37018,4790345352020872061,5096605422609250072,6631,5472015494103881097,1
37056,1160388873503745713,2290063613362305368,1042,5759071257635518988,1
37073,54108948184441148,4465058911075020922,7079,1081626187774527151,1
37082,5545556009967092638,8344077115118114686,9077,5543146467579028449,1
37149,4780404990290720435,7664956499407527168,2689,6010312735416885115,1
37176,6747840143143048518,946855332555510254,9791,3162927894241155031,1
37255,9205402084988589135,5061731002768026932,9298,3481783234365635996,1
37264,5433034118421523914,3712742439633451985,4421,4495788570623453734,1
37274,2353462197669427288,5641852858605895610,9634,3537341035697484406,1
37679,4143596141457192936,3019032509666367520,4761,7859114763258625089,1
37689,6115652129775474863,1665846357077395789,8396,2207356817532884118,1
37749,7664783074180039592,4398541316072665331,4350,4139178330462505758,1
37767,7184059501366688254,1015551708526271885,1629,1618311531609721251,1
37902,3707518794512707165,8368560708221752458,9016,6985612858607032500,1
37954,3475490937304933402,7399054131580801392,1868,8731467469594375525,1
38078,2518927601158789681,462558901003345071,3959,2600263449205996363,1
38086,1786152822179765661,1318716097044390496,4103,1239813816592497757,1
38239,7093837628191124674,2586622592252208298,99,2431571401491298253,1
38267,5884251511360159312,7592707980467208050,5376,5237367160161831055,1
38283,1638259766430970380,7112753496245856246,5220,5046575658294318881,1
38498,5232774199450605917,1960166303769555729,7676,5530994670291818062,1
38566,3575281437667239028,6440502714130435235,298,6624071382973108464,1
38644,1509494106180917107,8899278279628972978,9220,1176263329259235889,1
38660,8137767809957759451,910748865874400018,8510,5188681996950696031,1
38713,2029566876895408557,4182112492588805404,1937,6931754858461299008,1
39029,7874469308352316588,7288817590107791380,2046,5321106953586535360,1
39151,814725013769451106,3283548447391721682,1225,745649319500379207,1
39160,9198273221258686049,1167980444628115460,9836,7279022279562994700,1
39285,4457389530961372118,6870939477767285435,9494,2370600176548752582,1
39375,920862439848477411,682170645622823233,6105,3577169753530344636,1
39393,3550138686001522180,5549580089572498884,8843,3703669632718024590,1
39413,4097549916686425154,7185973201551100623,3377,7264558953710826656,1
39461,1837093916223260129,5935419729173586210,9612,85917174749618426,1
39601,5123624991411507075,5977567079142677947,7064,621201437214378305,1
39786,3487561177032910089,290638345901028207,2439,7459215290444451345,1
39830,2246915733968095441,412688427017025021,4070,7989421809327235719,1
40121,9106751223653712004,4910053943849397264,8372,1622383918926433445,1
40170,4004882923874609519,7277342333623624888,1402,8736270238564396636,1
40268,1622468410354345248,1368992893785212380,8904,8785709516753229824,1
40385,2871338976727251115,5902974550217972668,5857,7637493704099877922,1
40447,6946003175368333907,6221026339587193232,2919,4028448961583020590,1
40457,7343968227301474307,4947271653233324884,581,7291558165977628404,1
40711,3875011156216563623,1512918818239506831,2530,5672433926115059544,1
40748,3040760785461813697,4811077521704019578,4794,34300117340740823,1
40756,4513627976377831774,5546456728286878207,2020,6465128028494597137,1
40945,4786513187389294120,6122800073244138723,136,4247892911810649758,1
40948,774914860582444539,8386723634092270657,1065,3724618057510792114,1
40982,2561225338041394477,4737367481495065456,9338,1809951287021159566,1
40989,3923725376955997971,2029948490523170997,7147,7413510239277169601,1
40997,8884985447445780822,3568053329621994931,1735,8297497943384728537,1
41097,1490846964526378179,6677936075826696753,4090,8250825453411617154,1
41108,5935715111448860844,6933097050475639774,4573,4488786642024482519,1
41321,3188942729738247204,6408423917969636086,8008,8256452167898468683,1
41544,6156203490461473699,4101779837499851792,6956,6901847710101125019,1
41660,7862119419015017699,6500802573967380179,3200,3349392663452883342,1
41667,7393725506390500513,5198237697516603842,7346,7918688186811243034,1
41692,2225343956064683233,204582688045977761,5361,9114699270918520399,1
41763,1026410299274819603,3585645646476159068,5611,3649188885774074115,1
41851,443196083622771692,2721682458106237947,9076,730276961280466629,1
41972,6211757377579739029,675452926502315928,1811,5069565136467435087,1
42022,4789680582060847326,4953712888204694806,3110,1211910022106049245,1
42160,7913195090509445118,4375649509581942686,1420,8002564343454240296,1
42300,7954513781021237355,5910647641106754786,3262,902092450988069439,1
42408,2639325132565019123,919988283506882639,6140,9017810122630603184,1
42569,4836428651774183708,8469450441171176562,4163,7291132833008922743,1
42583,3025536530763589643,4489354162298163615,6503,5213727044311581663,1
42584,6754778733071264382,6820901878446485130,5521,3369058309186302097,1
42644,9064438295278017148,4490667608173247398,474,8310322870268769620,1
42651,8735642887628433445,6163984617453186460,512,4748545316566723577,1
42661,191331081874095648,4481512455378165902,2820,5389450449579709229,1
42676,2164552252200242590,5137976078594948799,2387,7332470737548478459,1
42754,6699143172157817393,4041557275613728891,1957,359085096121012363,1
42884,6654145387668494248,7918557899956457222,6315,6968244510587407804,1
43019,7577383597533043754,2358533046007270498,2646,6448708214440323163,1
43069,8150621268137424043,1612988113500742060,7404,5719400867077621387,1
43137,6530741960850816484,4365237846419530659,7172,7964058161895948487,1
43221,7294909171653110798,6726491133173612872,2143,3295075618580403434,1
43323,3696345133272886361,3088833052071186725,3727,1028659938631000665,1
43379,5620705958003953338,5755383140154651799,2432,8477757407842635158,1
43442,7398715311615695090,5816407958581975185,5859,5718664248009580767,1
43504,677608645070911070,3448110659843006981,6331,3654983033247770731,1
43573,7469882797663511438,3740563036455697017,1341,7712520557796025398,1
43649,8438838054763125625,3978340439575111995,9248,6095892180902022116,1
43688,3542374701538812910,7166651884406213703,1888,4183907038343029401,1
43739,2069857534243151389,135973188178422921,5334,4300947492840422224,1
43750,7222234237750297367,502381961191984568,9180,4610041868130836399,1
43759,5758362711819108168,9168156497479627319,7010,3911977087511541672,1
43962,5081480318997525714,8842550246859820682,5887,816841116520572607,1
44471,1194854464770852904,3798417739508586316,4116,5756418868509834406,1
44552,7265003463673835449,5800964117769572526,8828,6321417295674263506,1
44607,572381144789615891,2620693513507547751,3836,6700224739936484226,1
44608,344417364671974550,2515095032465868507,9838,1032809587272638723,1
44702,2875592520707551207,2504953361536099018,9633,8660498663471236910,1
44997,6296446429014328405,7783453602722687432,224,3917395539494247874,1
45010,4556444253141086084,2395504602509290074,1250,1572114579442927860,1
45025,8258792019335731199,8751924435361014823,3323,1943406102234127460,1
45186,3867837970202944852,7258024806321537307,719,8228547439818902495,1
45540,2960157025870914137,3267626071790443551,3189,1518339728562086573,1
45591,1700066113912103544,4690872893069954172,8756,434657129505236643,1
45621,3002317661074014596,6425035194647674064,8521,3933201181268943808,1
45666,1941898443267510456,2407525654918158737,7461,4371955986605787510,1
45720,5298635236468760224,3841562111579348111,2095,5186297732702830480,1
45729,786265254994913260,3050422611949683029,1223,3476011328375159071,1
45791,4570117860436589591,6707686906229806534,258,4197698149115017742,1
45936,480137654019613599,5446225114703062205,2339,299301759235025967,1
46017,390194565804732100,8886291126262224094,6810,4319078832863571713,1
46404,878092492547879960,6545344453411532256,7890,2782676931749230728,1
46423,4492696338837428164,7927865116791926250,6454,8959050713108696979,1
46474,7959241858746980908,5079822459128065769,8720,3930788334437677488,1
46543,2470658423869652184,4773977993338931365,2241,8580288463550178264,1
46547,6138863463289916288,7709408034489682420,6647,5096729611352801285,1
46559,4666465750363412063,8366212524559491782,3752,255563901521633228,1
46897,1007417690134501228,7342019604051160187,5995,4561571449578805106,1
46973,5772203152928414906,6913709778186349984,7763,2527064336584903131,1
47046,6019822602740877861,7730635564224699180,3827,6938501889646939701,1
47126,6661457533928231526,8973737611786484563,6922,7768938374231625544,1
47144,5045289565212328803,2713612073381568565,8922,1287912488707567705,1
47207,4648478097451352665,413929420751866783,6044,4855711827961280385,1
47294,5216116621911535092,8777240523024307394,8297,8580767916165311198,1
47354,7250240933503569009,5286412551421705287,193,7956330479803220628,1
47368,1093370736644145926,1471564016005613792,1157,1533453741227354377,1
47380,6439249006261953801,6831028514586212958,3272,2358270321438930906,1
47455,4297347169818390313,1215012285827268750,8459,6415525841807026370,1
47470,8291916595960814305,611436856177515361,7948,5422995689937214854,1
47689,7951723800957649099,7818496453416368288,9363,4676358266009784067,1
47762,4376323129700003628,8585494169523140914,9648,4577377849803985765,1
47852,3642185338511704209,1622876751436362380,1893,8275966313361105607,1
47986,5374056560269474860,3472842499398996567,1444,6475525343208777261,1
48059,1176046299244297282,8334671281383151626,598,2102592111781834281,1
48284,8384147644684208179,4491342958999553238,6566,323556458079707534,1
48417,6010029013953647444,2346168628786745722,6306,1698078901233572735,1
48554,3495466686528747450,8999693178145962830,1093,530402785978874862,1
48756,3007066174126382907,5061737384950268520,6285,5990879689353615180,1
48955,382565832541957805,6344830347478627458,4849,3729956694087699441,1
49117,2683030178700705350,138573104091239623,7019,5966985328712179959,1
49169,650083780661402446,1031968529868668854,9563,3143217979351607997,1
49182,6168256210435941482,2803278714327363888,7542,1394638055340393488,1
49244,619410935219458864,3460314325713136313,5912,2867703126504297223,1
49269,6806912607090028211,8360500098237425434,1606,5550733540264982212,1
49659,2678110978963541836,2236983092952916801,2168,7651707797055535751,1
49681,6739803436735041146,2144429308250376946,855,2928480442551570746,1
49689,8435045666497478598,7960043869003300233,2167,5916496292324417073,1
49814,4040561348466719841,6240199122343162529,6474,566868009773012588,1
49957,4515834927093483973,5877605187570204236,9442,9027024984652415067,1
50096,4447986126495102339,5996902125269618461,7437,964332895612442075,1
50132,4556144337826642925,4276394238943818520,1835,4996967759382726779,1
50419,8801462716325396621,5500444147621607746,683,4334134225169159653,1
50570,7721552064762064694,2354492436697281567,6296,1153350285071420048,1
50613,3464197658744061899,8024781852499178683,9486,7322955151165276218,1
50711,8685087862950793309,4488918889339247073,5606,2973576133318769705,1
50828,989824524460683899,7845300497152523085,9335,6785168828451450735,1
50854,6862577683861958540,2326403596872204541,8052,2586520690399535038,1
50858,905324617107883267,5431526618470711365,6463,5262480423957162682,1
50879,8334986809580740732,3164184130218158968,3777,3987541537909442147,1
50960,5457485025768825839,1820774118378420122,9287,6057813962160233383,1
50991,3643292498943242036,5868315447448688713,8473,6785893424726502965,1
51426,2765020238950598696,7540921968318382193,3569,5546109177707420870,1
51637,6128327741943134836,1941604699021085280,8283,6178393094341857259,1
51872,7224575361945643778,5049642566157754131,6183,4864482851057248147,1
51948,1507888710859145315,7840157421132891012,4323,1123635549252734202,1
52055,241340430765573427,5694030140864719164,726,2560616892544819141,1
52075,5457872730820767337,2989228451315876613,5590,3560115150109341525,1
52085,6534953290618484939,5241140662608659696,5281,479453555369640341,1
52200,6918210565038316081,4579763307423393836,2382,8838157047856100980,1
52407,8767199828612287147,6998617402157498028,187,1359761719582136499,1
52428,5481695424986975438,7193180185580865533,8017,6647181650111835289,1
52461,1437661974857024865,8468386829538931102,1303,8584769553335012873,1
52676,4301636017604336979,2876206691425136367,4509,2080978445852609023,1
52777,7434255639242762371,9046957314547689398,3909,6724454783577677963,1
52791,7045506979474176116,8338835396422155462,3252,763345686082887966,1
53102,1234247650826966938,6192292804230605461,1127,6038366442762219733,1
53114,7047477359526658830,2810183347905822295,8652,8714519676401078467,1
53126,3170547770545161593,6778108768268220566,7570,1510899488667749455,1
53179,3909061130191316515,1110987462608073527,7457,2700436373895539578,1
53180,8475889201647111683,2762281765399423627,2316,8754481622623515729,1
53189,4031682246532640025,7258424198797116642,8990,6335116547384052627,1
53449,7937710461279917646,8972027397939971794,9109,6594604023758614148,1
53558,6420114160737427299,4917740291763097931,2606,8205054399026312762,1
53740,1748623142414905403,7004499724092111673,3346,8397457039066153616,1
53749,3142841676127268092,9082874456826182831,240,5972173862901996822,1
53819,6922443241781220419,7391565465939276948,945,7767376341227216643,1
53933,2019427629705329415,8554873616501495077,8865,5187617212387617703,1
54051,8683298958275634590,4222153205035509174,8323,756627650949032730,1
54357,6226060707444503944,1471523692731199832,1889,1682280764961822214,1
54453,486219036040089308,9209768815865217555,6132,1244426069992287350,1
54587,3710464017925375859,2933096878429731489,9553,7442393800502003021,1
54743,7610504432511433503,7868488390456204464,3954,6417644569204291819,1
54836,1390243765982969658,4378425337256768100,4154,4366232903850629641,1
54920,2226015304921167664,471579525076193474,8440,1554168110147815376,1
55172,6117824395376669914,1870423771931511009,9522,4698869497975849966,1
55357,5563263265605617409,8065655997401719806,8027,1417308234193511237,1
55363,5457280093382609089,8687292106998119066,5553,4420612516234549664,1
55389,6121523193391493697,1134941582958001164,3639,15620935059780992,1
55530,5811867663051697194,4064966102208756717,5807,617360454818630597,1
55533,7012915732900017086,3081111838281915779,4093,6764931086502995874,1
55651,2559766593457950040,8423921202471167668,9632,1961430616137523785,1
55758,7191105777565884802,996040366647248868,4734,7444846211281738130,1
55776,6954241891022331587,895918072953592423,4279,6285735966232432430,1
55913,6717091437245972007,1368572439858076956,4546,4834110727640259349,1
55967,4018104587334888895,7117671214055647131,2991,1064029319007480771,1
56022,8794399367794166926,2183674648390074864,3400,8642541964607229831,1
56477,6894398109901038222,8025678458609774759,1124,7229633817366627568,1
56635,7587161832795394951,4892483831374566504,2033,6123690820805596254,1
56704,1566974201618854822,4774423003780829685,7346,4152063092933640406,1
56900,6644901696941932615,5409676354363763597,8985,8350654175991101872,1
56907,4072068886624292628,5574906869641592096,1541,5199167146300422516,1
56952,3488149753790720497,9014796726574669763,3502,5968203467358250136,1
56956,3351866217892221542,949912361997733882,8087,7450742991501269352,1
57263,156452674999617784,6925213762738694626,9609,7438882542001824550,1
57309,1347034266138468157,6227871555815812535,7166,6924695769044085559,1
57462,189861802848876228,3209867392004255765,3016,8360713474361419698,1
57465,1577578727947372910,7525648655415479997,1627,154184566875293260,1
57704,4422974383284291558,6926114835236026070,9353,7718871718742599170,1
57704,6784707924671360678,6536949085764560479,4502,2908903864363853876,1
57742,4366009002791773465,5216314404153825088,8777,6233849477921386053,1
57768,1550661387429028220,9216934381511182120,3761,8228077199516486057,1
57773,6733560957063834535,2553850249969167128,9752,1324959423025378967,1
57847,6647904532124121443,2792229562322097975,2865,5134673703280590464,1
57852,7397125303467042259,8736005199962264629,9637,5530723668449015499,1
57889,6413179007628092644,8724788690774428117,5502,4583498204569464408,1
58025,1368319923069980265,6776234911350578760,6352,4640805748624477020,1
58052,6447925080201677562,5304643890107086057,8915,741137952841094159,1
58116,3218014292748919725,5646814656882957823,8452,2064783653547501029,1
58335,2969175448507400522,2203463506209657325,4811,7649908501364876788,1
58460,8298623037577451361,1304989002268044561,968,1568562925875260,1
58481,8517221035217468416,3716047485578425866,9295,452193060417390287,1
58573,2418566000696484885,778218388043808326,1287,7660007515724638712,1
58591,7694587520780482777,7856765487620340569,1678,503533269181527742,1
58633,6413022873240194478,5470148162402913452,5093,1831536713688031894,1
58655,2692984937852234006,7957680058251677830,6770,3800307125672930110,1
58671,5275551520538596998,411407275258230218,3914,4503320197040736689,1
58724,7355351770612207940,8673737401436460384,7570,6195245285664814433,1
58768,2730744888750937269,2739448229728401386,6630,2783350747846848533,1
58829,7962390171299214701,543689498739436902,6649,640979587699968749,1
59081,5847443299855982969,2809387525790792445,5533,8723182384693053076,1
59265,3934135679683618958,2590795544233034777,2511,5514654964056999002,1
59461,5658843436292982650,9103554922516225990,7308,2761585265032575470,1
59538,1461006944224613415,6403103003062444245,6822,630055336283639539,1
59655,8756070944647503037,8955261751976320052,6440,6210537464916470384,1
59805,4710487853868726764,263752591044706010,5424,5266429265045094800,1
59807,487847999450778607,5511623213276741367,2110,6237917803345564800,1
59807,8274605110940569724,3536119820992360917,9587,5636378380570661161,1
59918,1883978064283758441,6297457647110338653,9404,3588127069495519426,1
